id,scan_id,resolver_ip,hostname,success,matched,resolved_ips,response_ms,error,created_at
255,scan_20260525_185101_932441,2.0.0.7,google.com,0,0,,60107.17,TIMEOUT,2026-05-25T18:52:02.158478
256,scan_20260525_185101_932441,2.0.0.18,google.com,0,0,,60103.67,TIMEOUT,2026-05-25T18:52:02.158478
257,scan_20260525_185101_932441,2.0.0.11,google.com,0,0,,60106.18,TIMEOUT,2026-05-25T18:52:02.158478
258,scan_20260525_185101_932441,2.0.0.24,google.com,0,0,,60101.77,TIMEOUT,2026-05-25T18:52:02.158478
259,scan_20260525_185101_932441,2.0.0.10,google.com,0,0,,60106.67,TIMEOUT,2026-05-25T18:52:02.158478
260,scan_20260525_185101_932441,2.0.0.17,google.com,0,0,,60104.45,TIMEOUT,2026-05-25T18:52:02.158478
261,scan_20260525_185101_932441,2.0.0.22,google.com,0,0,,60102.79,TIMEOUT,2026-05-25T18:52:02.158478
262,scan_20260525_185101_932441,2.0.0.23,google.com,0,0,,60102.67,TIMEOUT,2026-05-25T18:52:02.158478
263,scan_20260525_185101_932441,2.0.0.2,google.com,0,0,,60111.87,TIMEOUT,2026-05-25T18:52:02.158478
264,scan_20260525_185101_932441,2.0.0.19,google.com,0,0,,60104.21,TIMEOUT,2026-05-25T18:52:02.158478
265,scan_20260525_185101_932441,2.0.0.6,google.com,0,0,,60108.94,TIMEOUT,2026-05-25T18:52:02.158478
266,scan_20260525_185101_932441,2.0.0.13,google.com,0,0,,60106.26,TIMEOUT,2026-05-25T18:52:02.158478
267,scan_20260525_185101_932441,2.0.0.3,google.com,0,0,,60111.62,TIMEOUT,2026-05-25T18:52:02.158478
268,scan_20260525_185101_932441,2.0.0.20,google.com,0,0,,60104.18,TIMEOUT,2026-05-25T18:52:02.158478
269,scan_20260525_185101_932441,2.0.0.1,google.com,0,0,,60112.79,TIMEOUT,2026-05-25T18:52:02.158478
270,scan_20260525_185101_932441,2.0.0.5,google.com,0,0,,60110.74,TIMEOUT,2026-05-25T18:52:02.158478
271,scan_20260525_185101_932441,2.0.0.16,google.com,0,0,,60105.66,TIMEOUT,2026-05-25T18:52:02.158478
272,scan_20260525_185101_932441,2.0.0.12,google.com,0,0,,60107.03,TIMEOUT,2026-05-25T18:52:02.158478
273,scan_20260525_185101_932441,2.0.0.15,google.com,0,0,,60106.07,TIMEOUT,2026-05-25T18:52:02.158478
274,scan_20260525_185101_932441,2.0.0.14,google.com,0,0,,60106.43,TIMEOUT,2026-05-25T18:52:02.158478
275,scan_20260525_185101_932441,2.0.0.21,google.com,0,0,,60104.14,TIMEOUT,2026-05-25T18:52:02.158478
276,scan_20260525_185101_932441,2.0.0.8,google.com,0,0,,60108.7,TIMEOUT,2026-05-25T18:52:02.158478
277,scan_20260525_185101_932441,2.0.0.4,google.com,0,0,,60111.72,TIMEOUT,2026-05-25T18:52:02.158478
278,scan_20260525_185101_932441,2.0.0.9,google.com,0,0,,60108.25,TIMEOUT,2026-05-25T18:52:02.158478
279,scan_20260525_185101_932441,2.0.0.25,google.com,0,0,,60116.18,TIMEOUT,2026-05-25T18:52:02.158478
280,scan_20260525_185101_932441,2.0.0.39,google.com,0,0,,60111.73,TIMEOUT,2026-05-25T18:52:02.158478
281,scan_20260525_185101_932441,2.0.0.61,google.com,0,0,,60104.06,TIMEOUT,2026-05-25T18:52:02.158478
282,scan_20260525_185101_932441,2.0.0.43,google.com,0,0,,60110.49,TIMEOUT,2026-05-25T18:52:02.158478
283,scan_20260525_185101_932441,2.0.0.26,google.com,0,0,,60116.13,TIMEOUT,2026-05-25T18:52:02.158478
284,scan_20260525_185101_932441,2.0.0.35,google.com,0,0,,60113.36,TIMEOUT,2026-05-25T18:52:02.158478
285,scan_20260525_185101_932441,2.0.0.37,google.com,0,0,,60112.79,TIMEOUT,2026-05-25T18:52:02.158478
286,scan_20260525_185101_932441,2.0.0.64,google.com,0,0,,60103.35,TIMEOUT,2026-05-25T18:52:02.158478
287,scan_20260525_185101_932441,2.0.0.49,google.com,0,0,,60108.55,TIMEOUT,2026-05-25T18:52:02.158478
288,scan_20260525_185101_932441,2.0.0.56,google.com,0,0,,60106.24,TIMEOUT,2026-05-25T18:52:02.158478
289,scan_20260525_185101_932441,2.0.0.70,google.com,0,0,,60101.41,TIMEOUT,2026-05-25T18:52:02.158478
290,scan_20260525_185101_932441,2.0.0.58,google.com,0,0,,60105.75,TIMEOUT,2026-05-25T18:52:02.158478
291,scan_20260525_185101_932441,2.0.0.68,google.com,0,0,,60102.22,TIMEOUT,2026-05-25T18:52:02.158478
292,scan_20260525_185101_932441,2.0.0.59,google.com,0,0,,60105.4,TIMEOUT,2026-05-25T18:52:02.158478
293,scan_20260525_185101_932441,2.0.0.47,google.com,0,0,,60109.46,TIMEOUT,2026-05-25T18:52:02.158478
294,scan_20260525_185101_932441,2.0.0.67,google.com,0,0,,60102.87,TIMEOUT,2026-05-25T18:52:02.158478
295,scan_20260525_185101_932441,2.0.0.51,google.com,0,0,,60108.43,TIMEOUT,2026-05-25T18:52:02.158478
296,scan_20260525_185101_932441,2.0.0.54,google.com,0,0,,60107.52,TIMEOUT,2026-05-25T18:52:02.158478
297,scan_20260525_185101_932441,2.0.0.40,google.com,0,0,,60112.55,TIMEOUT,2026-05-25T18:52:02.158478
298,scan_20260525_185101_932441,2.0.0.36,google.com,0,0,,60114.07,TIMEOUT,2026-05-25T18:52:02.158478
299,scan_20260525_185101_932441,2.0.0.28,google.com,0,0,,60116.53,TIMEOUT,2026-05-25T18:52:02.158478
300,scan_20260525_185101_932441,2.0.0.65,google.com,0,0,,60104.06,TIMEOUT,2026-05-25T18:52:02.158478
301,scan_20260525_185101_932441,2.0.0.53,google.com,0,0,,60108.24,TIMEOUT,2026-05-25T18:52:02.158478
302,scan_20260525_185101_932441,2.0.0.45,google.com,0,0,,60111.1,TIMEOUT,2026-05-25T18:52:02.158478
303,scan_20260525_185101_932441,2.0.0.29,google.com,0,0,,60116.53,TIMEOUT,2026-05-25T18:52:02.158478
304,scan_20260525_185101_932441,2.0.0.30,google.com,0,0,,60116.3,TIMEOUT,2026-05-25T18:52:02.158478
305,scan_20260525_185101_932441,2.0.0.32,google.com,0,0,,60115.78,TIMEOUT,2026-05-25T18:52:02.158478
306,scan_20260525_185101_932441,2.0.0.57,google.com,0,0,,60107.32,TIMEOUT,2026-05-25T18:52:02.158478
307,scan_20260525_185101_932441,2.0.0.46,google.com,0,0,,60110.95,TIMEOUT,2026-05-25T18:52:02.158478
308,scan_20260525_185101_932441,2.0.0.31,google.com,0,0,,60116.16,TIMEOUT,2026-05-25T18:52:02.158478
309,scan_20260525_185101_932441,2.0.0.34,google.com,0,0,,60115.25,TIMEOUT,2026-05-25T18:52:02.158478
310,scan_20260525_185101_932441,2.0.0.55,google.com,0,0,,60108.05,TIMEOUT,2026-05-25T18:52:02.158478
311,scan_20260525_185101_932441,2.0.0.60,google.com,0,0,,60106.36,TIMEOUT,2026-05-25T18:52:02.158478
312,scan_20260525_185101_932441,2.0.0.66,google.com,0,0,,60104.37,TIMEOUT,2026-05-25T18:52:02.158478
313,scan_20260525_185101_932441,2.0.0.52,google.com,0,0,,60109.19,TIMEOUT,2026-05-25T18:52:02.158478
314,scan_20260525_185101_932441,2.0.0.41,google.com,0,0,,60113.14,TIMEOUT,2026-05-25T18:52:02.158478
315,scan_20260525_185101_932441,2.0.0.27,google.com,0,0,,60117.65,TIMEOUT,2026-05-25T18:52:02.158478
316,scan_20260525_185101_932441,2.0.0.33,google.com,0,0,,60115.83,TIMEOUT,2026-05-25T18:52:02.158478
317,scan_20260525_185101_932441,2.0.0.63,google.com,0,0,,60105.55,TIMEOUT,2026-05-25T18:52:02.158478
318,scan_20260525_185101_932441,2.0.0.38,google.com,0,0,,60114.28,TIMEOUT,2026-05-25T18:52:02.158478
319,scan_20260525_185101_932441,2.0.0.62,google.com,0,0,,60105.99,TIMEOUT,2026-05-25T18:52:02.158478
320,scan_20260525_185101_932441,2.0.0.69,google.com,0,0,,60103.57,TIMEOUT,2026-05-25T18:52:02.158478
321,scan_20260525_185101_932441,2.0.0.48,google.com,0,0,,60110.8,TIMEOUT,2026-05-25T18:52:02.158478
322,scan_20260525_185101_932441,2.0.0.42,google.com,0,0,,60113.02,TIMEOUT,2026-05-25T18:52:02.158478
323,scan_20260525_185101_932441,2.0.0.44,google.com,0,0,,60112.3,TIMEOUT,2026-05-25T18:52:02.158478
324,scan_20260525_185101_932441,2.0.0.50,google.com,0,0,,60110.26,TIMEOUT,2026-05-25T18:52:02.158478
325,scan_20260525_185101_932441,2.0.0.123,google.com,0,0,,60100.54,TIMEOUT,2026-05-25T18:52:02.158478
326,scan_20260525_185101_932441,2.0.0.73,google.com,0,0,,60115.83,TIMEOUT,2026-05-25T18:52:02.158478
327,scan_20260525_185101_932441,2.0.0.75,google.com,0,0,,60115.27,TIMEOUT,2026-05-25T18:52:02.158478
328,scan_20260525_185101_932441,2.0.0.83,google.com,0,0,,60113.33,TIMEOUT,2026-05-25T18:52:02.158478
329,scan_20260525_185101_932441,2.0.0.90,google.com,0,0,,60111.22,TIMEOUT,2026-05-25T18:52:02.158478
330,scan_20260525_185101_932441,2.0.0.105,google.com,0,0,,60106.86,TIMEOUT,2026-05-25T18:52:02.158478
331,scan_20260525_185101_932441,2.0.0.113,google.com,0,0,,60104.22,TIMEOUT,2026-05-25T18:52:02.158478
332,scan_20260525_185101_932441,2.0.0.78,google.com,0,0,,60115.02,TIMEOUT,2026-05-25T18:52:02.158478
333,scan_20260525_185101_932441,2.0.0.87,google.com,0,0,,60112.37,TIMEOUT,2026-05-25T18:52:02.158478
334,scan_20260525_185101_932441,2.0.0.86,google.com,0,0,,60112.83,TIMEOUT,2026-05-25T18:52:02.158478
335,scan_20260525_185101_932441,2.0.0.99,google.com,0,0,,60109.02,TIMEOUT,2026-05-25T18:52:02.158478
336,scan_20260525_185101_932441,2.0.0.82,google.com,0,0,,60114.21,TIMEOUT,2026-05-25T18:52:02.158478
337,scan_20260525_185101_932441,2.0.0.114,google.com,0,0,,60104.41,TIMEOUT,2026-05-25T18:52:02.158478
338,scan_20260525_185101_932441,2.0.0.121,google.com,0,0,,60102.39,TIMEOUT,2026-05-25T18:52:02.158478
339,scan_20260525_185101_932441,2.0.0.125,google.com,0,0,,60101.28,TIMEOUT,2026-05-25T18:52:02.158478
340,scan_20260525_185101_932441,2.0.0.77,google.com,0,0,,60115.87,TIMEOUT,2026-05-25T18:52:02.158478
341,scan_20260525_185101_932441,2.0.0.124,google.com,0,0,,60101.62,TIMEOUT,2026-05-25T18:52:02.158478
342,scan_20260525_185101_932441,2.0.0.110,google.com,0,0,,60106.09,TIMEOUT,2026-05-25T18:52:02.158478
343,scan_20260525_185101_932441,2.0.0.118,google.com,0,0,,60103.51,TIMEOUT,2026-05-25T18:52:02.158478
344,scan_20260525_185101_932441,2.0.0.104,google.com,0,0,,60107.95,TIMEOUT,2026-05-25T18:52:02.158478
345,scan_20260525_185101_932441,2.0.0.71,google.com,0,0,,60117.85,TIMEOUT,2026-05-25T18:52:02.158478
346,scan_20260525_185101_932441,2.0.0.100,google.com,0,0,,60109.2,TIMEOUT,2026-05-25T18:52:02.158478
347,scan_20260525_185101_932441,2.0.0.93,google.com,0,0,,60111.3,TIMEOUT,2026-05-25T18:52:02.158478
348,scan_20260525_185101_932441,2.0.0.79,google.com,0,0,,60115.64,TIMEOUT,2026-05-25T18:52:02.158478
349,scan_20260525_185101_932441,2.0.0.106,google.com,0,0,,60107.6,TIMEOUT,2026-05-25T18:52:02.158478
350,scan_20260525_185101_932441,2.0.0.127,google.com,0,0,,60101.22,TIMEOUT,2026-05-25T18:52:02.158478
351,scan_20260525_185101_932441,2.0.0.72,google.com,0,0,,60117.86,TIMEOUT,2026-05-25T18:52:02.158478
352,scan_20260525_185101_932441,2.0.0.98,google.com,0,0,,60110.16,TIMEOUT,2026-05-25T18:52:02.158478
353,scan_20260525_185101_932441,2.0.0.94,google.com,0,0,,60111.4,TIMEOUT,2026-05-25T18:52:02.158478
354,scan_20260525_185101_932441,2.0.0.96,google.com,0,0,,60110.87,TIMEOUT,2026-05-25T18:52:02.158478
355,scan_20260525_185101_932441,2.0.0.84,google.com,0,0,,60114.62,TIMEOUT,2026-05-25T18:52:02.158478
356,scan_20260525_185101_932441,2.0.0.97,google.com,0,0,,60110.74,TIMEOUT,2026-05-25T18:52:02.158478
357,scan_20260525_185101_932441,2.0.0.107,google.com,0,0,,60107.86,TIMEOUT,2026-05-25T18:52:02.158478
358,scan_20260525_185101_932441,2.0.0.81,google.com,0,0,,60115.73,TIMEOUT,2026-05-25T18:52:02.158478
359,scan_20260525_185101_932441,2.0.0.102,google.com,0,0,,60109.52,TIMEOUT,2026-05-25T18:52:02.158478
360,scan_20260525_185101_932441,2.0.0.129,google.com,0,0,,60101.35,TIMEOUT,2026-05-25T18:52:02.158478
361,scan_20260525_185101_932441,2.0.0.128,google.com,0,0,,60101.73,TIMEOUT,2026-05-25T18:52:02.158478
362,scan_20260525_185101_932441,2.0.0.85,google.com,0,0,,60114.84,TIMEOUT,2026-05-25T18:52:02.158478
363,scan_20260525_185101_932441,2.0.0.80,google.com,0,0,,60116.34,TIMEOUT,2026-05-25T18:52:02.158478
364,scan_20260525_185101_932441,2.0.0.112,google.com,0,0,,60106.52,TIMEOUT,2026-05-25T18:52:02.158478
365,scan_20260525_185101_932441,2.0.0.95,google.com,0,0,,60111.86,TIMEOUT,2026-05-25T18:52:02.158478
366,scan_20260525_185101_932441,2.0.0.120,google.com,0,0,,60104.24,TIMEOUT,2026-05-25T18:52:02.158478
367,scan_20260525_185101_932441,2.0.0.122,google.com,0,0,,60103.62,TIMEOUT,2026-05-25T18:52:02.158478
368,scan_20260525_185101_932441,2.0.0.111,google.com,0,0,,60107.26,TIMEOUT,2026-05-25T18:52:02.158478
369,scan_20260525_185101_932441,2.0.0.74,google.com,0,0,,60118.31,TIMEOUT,2026-05-25T18:52:02.158478
370,scan_20260525_185101_932441,2.0.0.108,google.com,0,0,,60108.22,TIMEOUT,2026-05-25T18:52:02.158478
371,scan_20260525_185101_932441,2.0.0.88,google.com,0,0,,60114.18,TIMEOUT,2026-05-25T18:52:02.158478
372,scan_20260525_185101_932441,2.0.0.91,google.com,0,0,,60113.29,TIMEOUT,2026-05-25T18:52:02.158478
373,scan_20260525_185101_932441,2.0.0.76,google.com,0,0,,60117.85,TIMEOUT,2026-05-25T18:52:02.158478
374,scan_20260525_185101_932441,2.0.0.115,google.com,0,0,,60106.02,TIMEOUT,2026-05-25T18:52:02.158478
375,scan_20260525_185101_932441,2.0.0.126,google.com,0,0,,60102.85,TIMEOUT,2026-05-25T18:52:02.158478
376,scan_20260525_185101_932441,2.0.0.92,google.com,0,0,,60113.25,TIMEOUT,2026-05-25T18:52:02.158478
377,scan_20260525_185101_932441,2.0.0.109,google.com,0,0,,60108.29,TIMEOUT,2026-05-25T18:52:02.158478
378,scan_20260525_185101_932441,2.0.0.117,google.com,0,0,,60105.7,TIMEOUT,2026-05-25T18:52:02.158478
379,scan_20260525_185101_932441,2.0.0.101,google.com,0,0,,60110.77,TIMEOUT,2026-05-25T18:52:02.158478
380,scan_20260525_185101_932441,2.0.0.103,google.com,0,0,,60110.19,TIMEOUT,2026-05-25T18:52:02.158478
381,scan_20260525_185101_932441,2.0.0.116,google.com,0,0,,60106.08,TIMEOUT,2026-05-25T18:52:02.158478
382,scan_20260525_185101_932441,2.0.0.119,google.com,0,0,,60105.25,TIMEOUT,2026-05-25T18:52:02.158478
383,scan_20260525_185101_932441,2.0.0.89,google.com,0,0,,60114.45,TIMEOUT,2026-05-25T18:52:02.158478
384,scan_20260525_185101_932441,2.0.0.153,google.com,0,0,,60107.74,TIMEOUT,2026-05-25T18:52:02.158478
385,scan_20260525_185101_932441,2.0.0.147,google.com,0,0,,60109.49,TIMEOUT,2026-05-25T18:52:02.158478
386,scan_20260525_185101_932441,2.0.0.144,google.com,0,0,,60110.46,TIMEOUT,2026-05-25T18:52:02.158478
387,scan_20260525_185101_932441,2.0.0.130,google.com,0,0,,60114.84,TIMEOUT,2026-05-25T18:52:02.158478
388,scan_20260525_185101_932441,2.0.0.131,google.com,0,0,,60114.63,TIMEOUT,2026-05-25T18:52:02.158478
389,scan_20260525_185101_932441,2.0.0.155,google.com,0,0,,60107.68,TIMEOUT,2026-05-25T18:52:02.158478
390,scan_20260525_185101_932441,2.0.0.154,google.com,0,0,,60108.09,TIMEOUT,2026-05-25T18:52:02.158478
391,scan_20260525_185101_932441,2.0.0.158,google.com,0,0,,60106.62,TIMEOUT,2026-05-25T18:52:02.158478
392,scan_20260525_185101_932441,2.0.0.157,google.com,0,0,,60107.0,TIMEOUT,2026-05-25T18:52:02.158478
393,scan_20260525_185101_932441,2.0.0.135,google.com,0,0,,60113.7,TIMEOUT,2026-05-25T18:52:02.158478
394,scan_20260525_185101_932441,2.0.0.163,google.com,0,0,,60105.34,TIMEOUT,2026-05-25T18:52:02.158478
395,scan_20260525_185101_932441,2.0.0.156,google.com,0,0,,60107.64,TIMEOUT,2026-05-25T18:52:02.158478
396,scan_20260525_185101_932441,2.0.0.148,google.com,0,0,,60110.14,TIMEOUT,2026-05-25T18:52:02.158478
397,scan_20260525_185101_932441,2.0.0.134,google.com,0,0,,60114.29,TIMEOUT,2026-05-25T18:52:02.158478
398,scan_20260525_185101_932441,2.0.0.171,google.com,0,0,,60103.33,TIMEOUT,2026-05-25T18:52:02.158478
399,scan_20260525_185101_932441,2.0.0.177,google.com,0,0,,60101.28,TIMEOUT,2026-05-25T18:52:02.158478
400,scan_20260525_185101_932441,2.0.0.143,google.com,0,0,,60111.91,TIMEOUT,2026-05-25T18:52:02.158478
401,scan_20260525_185101_932441,2.0.0.138,google.com,0,0,,60113.33,TIMEOUT,2026-05-25T18:52:02.158478
402,scan_20260525_185101_932441,2.0.0.140,google.com,0,0,,60112.81,TIMEOUT,2026-05-25T18:52:02.158478
403,scan_20260525_185101_932441,2.0.0.139,google.com,0,0,,60113.12,TIMEOUT,2026-05-25T18:52:02.158478
404,scan_20260525_185101_932441,2.0.0.167,google.com,0,0,,60104.86,TIMEOUT,2026-05-25T18:52:02.158478
405,scan_20260525_185101_932441,2.0.0.179,google.com,0,0,,60100.98,TIMEOUT,2026-05-25T18:52:02.158478
406,scan_20260525_185101_932441,2.0.0.142,google.com,0,0,,60112.48,TIMEOUT,2026-05-25T18:52:02.158478
407,scan_20260525_185101_932441,2.0.0.166,google.com,0,0,,60105.38,TIMEOUT,2026-05-25T18:52:02.158478
408,scan_20260525_185101_932441,2.0.0.160,google.com,0,0,,60107.22,TIMEOUT,2026-05-25T18:52:02.158478
409,scan_20260525_185101_932441,2.0.0.162,google.com,0,0,,60106.62,TIMEOUT,2026-05-25T18:52:02.158478
410,scan_20260525_185101_932441,2.0.0.176,google.com,0,0,,60102.16,TIMEOUT,2026-05-25T18:52:02.158478
411,scan_20260525_185101_932441,2.0.0.170,google.com,0,0,,60104.35,TIMEOUT,2026-05-25T18:52:02.158478
412,scan_20260525_185101_932441,2.0.0.133,google.com,0,0,,60115.41,TIMEOUT,2026-05-25T18:52:02.158478
413,scan_20260525_185101_932441,2.0.0.132,google.com,0,0,,60115.73,TIMEOUT,2026-05-25T18:52:02.158478
414,scan_20260525_185101_932441,2.0.0.165,google.com,0,0,,60105.9,TIMEOUT,2026-05-25T18:52:02.158478
415,scan_20260525_185101_932441,2.0.0.164,google.com,0,0,,60106.2,TIMEOUT,2026-05-25T18:52:02.158478
416,scan_20260525_185101_932441,2.0.0.151,google.com,0,0,,60110.38,TIMEOUT,2026-05-25T18:52:02.158478
417,scan_20260525_185101_932441,2.0.0.172,google.com,0,0,,60103.81,TIMEOUT,2026-05-25T18:52:02.158478
418,scan_20260525_185101_932441,2.0.0.141,google.com,0,0,,60113.36,TIMEOUT,2026-05-25T18:52:02.158478
419,scan_20260525_185101_932441,2.0.0.145,google.com,0,0,,60112.36,TIMEOUT,2026-05-25T18:52:02.158478
420,scan_20260525_185101_932441,2.0.0.169,google.com,0,0,,60105.18,TIMEOUT,2026-05-25T18:52:02.158478
421,scan_20260525_185101_932441,2.0.0.175,google.com,0,0,,60103.09,TIMEOUT,2026-05-25T18:52:02.158478
422,scan_20260525_185101_932441,2.0.0.137,google.com,0,0,,60114.8,TIMEOUT,2026-05-25T18:52:02.158478
423,scan_20260525_185101_932441,2.0.0.146,google.com,0,0,,60112.2,TIMEOUT,2026-05-25T18:52:02.158478
424,scan_20260525_185101_932441,2.0.0.161,google.com,0,0,,60107.67,TIMEOUT,2026-05-25T18:52:02.158478
425,scan_20260525_185101_932441,2.0.0.173,google.com,0,0,,60103.93,TIMEOUT,2026-05-25T18:52:02.158478
426,scan_20260525_185101_932441,2.0.0.150,google.com,0,0,,60111.22,TIMEOUT,2026-05-25T18:52:02.158478
427,scan_20260525_185101_932441,2.0.0.180,google.com,0,0,,60101.78,TIMEOUT,2026-05-25T18:52:02.158478
428,scan_20260525_185101_932441,2.0.0.136,google.com,0,0,,60115.29,TIMEOUT,2026-05-25T18:52:02.158478
429,scan_20260525_185101_932441,2.0.0.178,google.com,0,0,,60102.42,TIMEOUT,2026-05-25T18:52:02.158478
430,scan_20260525_185101_932441,2.0.0.149,google.com,0,0,,60111.65,TIMEOUT,2026-05-25T18:52:02.158478
431,scan_20260525_185101_932441,2.0.0.168,google.com,0,0,,60105.88,TIMEOUT,2026-05-25T18:52:02.158478
432,scan_20260525_185101_932441,2.0.0.174,google.com,0,0,,60103.72,TIMEOUT,2026-05-25T18:52:02.158478
433,scan_20260525_185101_932441,2.0.0.152,google.com,0,0,,60110.92,TIMEOUT,2026-05-25T18:52:02.158478
434,scan_20260525_185101_932441,2.0.0.159,google.com,0,0,,60108.6,TIMEOUT,2026-05-25T18:52:02.158478
435,scan_20260525_185101_932441,2.0.0.185,google.com,0,0,,60113.57,TIMEOUT,2026-05-25T18:52:02.158478
436,scan_20260525_185101_932441,2.0.0.218,google.com,0,0,,60103.23,TIMEOUT,2026-05-25T18:52:02.158478
437,scan_20260525_185101_932441,2.0.0.190,google.com,0,0,,60111.95,TIMEOUT,2026-05-25T18:52:02.158478
438,scan_20260525_185101_932441,2.0.0.200,google.com,0,0,,60109.15,TIMEOUT,2026-05-25T18:52:02.158478
439,scan_20260525_185101_932441,2.0.0.191,google.com,0,0,,60111.84,TIMEOUT,2026-05-25T18:52:02.158478
440,scan_20260525_185101_932441,2.0.0.189,google.com,0,0,,60112.46,TIMEOUT,2026-05-25T18:52:02.158478
441,scan_20260525_185101_932441,2.0.0.182,google.com,0,0,,60114.77,TIMEOUT,2026-05-25T18:52:02.158478
442,scan_20260525_185101_932441,2.0.0.192,google.com,0,0,,60111.69,TIMEOUT,2026-05-25T18:52:02.158478
443,scan_20260525_185101_932441,2.0.0.215,google.com,0,0,,60104.54,TIMEOUT,2026-05-25T18:52:02.158478
444,scan_20260525_185101_932441,2.0.0.204,google.com,0,0,,60108.2,TIMEOUT,2026-05-25T18:52:02.158478
445,scan_20260525_185101_932441,2.0.0.194,google.com,0,0,,60111.31,TIMEOUT,2026-05-25T18:52:02.158478
446,scan_20260525_185101_932441,2.0.0.199,google.com,0,0,,60110.0,TIMEOUT,2026-05-25T18:52:02.158478
447,scan_20260525_185101_932441,2.0.0.207,google.com,0,0,,60107.5,TIMEOUT,2026-05-25T18:52:02.158478
448,scan_20260525_185101_932441,2.0.0.214,google.com,0,0,,60105.39,TIMEOUT,2026-05-25T18:52:02.158478
449,scan_20260525_185101_932441,2.0.0.205,google.com,0,0,,60108.18,TIMEOUT,2026-05-25T18:52:02.158478
450,scan_20260525_185101_932441,2.0.0.196,google.com,0,0,,60111.17,TIMEOUT,2026-05-25T18:52:02.158478
451,scan_20260525_185101_932441,2.0.0.208,google.com,0,0,,60107.55,TIMEOUT,2026-05-25T18:52:02.158478
452,scan_20260525_185101_932441,2.0.0.211,google.com,0,0,,60106.61,TIMEOUT,2026-05-25T18:52:02.158478
453,scan_20260525_185101_932441,2.0.0.216,google.com,0,0,,60104.96,TIMEOUT,2026-05-25T18:52:02.158478
454,scan_20260525_185101_932441,2.0.0.217,google.com,0,0,,60104.67,TIMEOUT,2026-05-25T18:52:02.158478
455,scan_20260525_185101_932441,2.0.0.186,google.com,0,0,,60114.47,TIMEOUT,2026-05-25T18:52:02.158478
456,scan_20260525_185101_932441,2.0.0.188,google.com,0,0,,60113.76,TIMEOUT,2026-05-25T18:52:02.158478
457,scan_20260525_185101_932441,2.0.0.210,google.com,0,0,,60107.08,TIMEOUT,2026-05-25T18:52:02.158478
458,scan_20260525_185101_932441,2.0.0.187,google.com,0,0,,60114.27,TIMEOUT,2026-05-25T18:52:02.158478
459,scan_20260525_185101_932441,2.0.0.184,google.com,0,0,,60115.24,TIMEOUT,2026-05-25T18:52:02.158478
460,scan_20260525_185101_932441,2.0.0.221,google.com,0,0,,60103.81,TIMEOUT,2026-05-25T18:52:02.158478
461,scan_20260525_185101_932441,2.0.0.206,google.com,0,0,,60108.68,TIMEOUT,2026-05-25T18:52:02.158478
462,scan_20260525_185101_932441,2.0.0.201,google.com,0,0,,60110.35,TIMEOUT,2026-05-25T18:52:02.158478
463,scan_20260525_185101_932441,2.0.0.212,google.com,0,0,,60106.9,TIMEOUT,2026-05-25T18:52:02.158478
464,scan_20260525_185101_932441,2.0.0.222,google.com,0,0,,60103.72,TIMEOUT,2026-05-25T18:52:02.158478
465,scan_20260525_185101_932441,2.0.0.202,google.com,0,0,,60110.18,TIMEOUT,2026-05-25T18:52:02.158478
466,scan_20260525_185101_932441,2.0.0.197,google.com,0,0,,60111.67,TIMEOUT,2026-05-25T18:52:02.158478
467,scan_20260525_185101_932441,2.0.0.183,google.com,0,0,,60115.96,TIMEOUT,2026-05-25T18:52:02.158478
468,scan_20260525_185101_932441,2.0.0.209,google.com,0,0,,60108.0,TIMEOUT,2026-05-25T18:52:02.158478
469,scan_20260525_185101_932441,2.0.0.198,google.com,0,0,,60111.5,TIMEOUT,2026-05-25T18:52:02.158478
470,scan_20260525_185101_932441,2.0.0.193,google.com,0,0,,60112.94,TIMEOUT,2026-05-25T18:52:02.158478
471,scan_20260525_185101_932441,2.0.0.220,google.com,0,0,,60104.54,TIMEOUT,2026-05-25T18:52:02.158478
472,scan_20260525_185101_932441,2.0.0.223,google.com,0,0,,60103.7,TIMEOUT,2026-05-25T18:52:02.158478
473,scan_20260525_185101_932441,2.0.0.213,google.com,0,0,,60106.95,TIMEOUT,2026-05-25T18:52:02.158478
474,scan_20260525_185101_932441,2.0.0.219,google.com,0,0,,60104.92,TIMEOUT,2026-05-25T18:52:02.158478
475,scan_20260525_185101_932441,2.0.0.181,google.com,0,0,,60116.82,TIMEOUT,2026-05-25T18:52:02.158478
476,scan_20260525_185101_932441,2.0.0.203,google.com,0,0,,60110.26,TIMEOUT,2026-05-25T18:52:02.158478
477,scan_20260525_185101_932441,2.0.0.195,google.com,0,0,,60112.62,TIMEOUT,2026-05-25T18:52:02.158478
478,scan_20260525_185101_932441,2.0.0.227,google.com,0,0,,60108.05,TIMEOUT,2026-05-25T18:52:02.158478
479,scan_20260525_185101_932441,2.0.0.240,google.com,0,0,,60101.89,TIMEOUT,2026-05-25T18:52:02.158478
480,scan_20260525_185101_932441,2.0.0.242,google.com,0,0,,60101.05,TIMEOUT,2026-05-25T18:52:02.158478
481,scan_20260525_185101_932441,2.0.0.228,google.com,0,0,,60108.09,TIMEOUT,2026-05-25T18:52:02.158478
482,scan_20260525_185101_932441,2.0.0.239,google.com,0,0,,60102.83,TIMEOUT,2026-05-25T18:52:02.158478
483,scan_20260525_185101_932441,2.0.0.233,google.com,0,0,,60106.94,TIMEOUT,2026-05-25T18:52:02.158478
484,scan_20260525_185101_932441,2.0.0.234,google.com,0,0,,60106.56,TIMEOUT,2026-05-25T18:52:02.158478
485,scan_20260525_185101_932441,2.0.0.226,google.com,0,0,,60110.5,TIMEOUT,2026-05-25T18:52:02.158478
486,scan_20260525_185101_932441,2.0.0.232,google.com,0,0,,60107.69,TIMEOUT,2026-05-25T18:52:02.158478
487,scan_20260525_185101_932441,2.0.0.231,google.com,0,0,,60108.69,TIMEOUT,2026-05-25T18:52:02.158478
488,scan_20260525_185101_932441,2.0.0.238,google.com,0,0,,60105.32,TIMEOUT,2026-05-25T18:52:02.158478
489,scan_20260525_185101_932441,2.0.0.235,google.com,0,0,,60106.62,TIMEOUT,2026-05-25T18:52:02.158478
490,scan_20260525_185101_932441,2.0.0.243,google.com,0,0,,60103.24,TIMEOUT,2026-05-25T18:52:02.158478
491,scan_20260525_185101_932441,2.0.0.237,google.com,0,0,,60105.86,TIMEOUT,2026-05-25T18:52:02.158478
492,scan_20260525_185101_932441,2.0.0.241,google.com,0,0,,60104.21,TIMEOUT,2026-05-25T18:52:02.158478
493,scan_20260525_185101_932441,2.0.0.229,google.com,0,0,,60109.93,TIMEOUT,2026-05-25T18:52:02.158478
494,scan_20260525_185101_932441,2.0.0.230,google.com,0,0,,60109.44,TIMEOUT,2026-05-25T18:52:02.158478
495,scan_20260525_185101_932441,2.0.0.236,google.com,0,0,,60106.42,TIMEOUT,2026-05-25T18:52:02.158478
496,scan_20260525_185101_932441,2.0.0.225,google.com,0,0,,60111.84,TIMEOUT,2026-05-25T18:52:02.158478
497,scan_20260525_185101_932441,2.0.0.224,google.com,0,0,,60112.24,TIMEOUT,2026-05-25T18:52:02.158478
498,scan_20260525_185101_932441,2.0.0.245,google.com,0,0,,60108.51,TIMEOUT,2026-05-25T18:52:02.158478
499,scan_20260525_185101_932441,2.0.0.251,google.com,0,0,,60107.0,TIMEOUT,2026-05-25T18:52:02.158478
500,scan_20260525_185101_932441,2.0.0.248,google.com,0,0,,60108.08,TIMEOUT,2026-05-25T18:52:02.158478
501,scan_20260525_185101_932441,2.0.0.250,google.com,0,0,,60107.4,TIMEOUT,2026-05-25T18:52:02.158478
502,scan_20260525_185101_932441,2.0.0.249,google.com,0,0,,60107.81,TIMEOUT,2026-05-25T18:52:02.158478
503,scan_20260525_185101_932441,2.0.0.253,google.com,0,0,,60106.57,TIMEOUT,2026-05-25T18:52:02.158478
504,scan_20260525_185101_932441,2.0.0.247,google.com,0,0,,60108.58,TIMEOUT,2026-05-25T18:52:02.158478
505,scan_20260525_185101_932441,2.0.0.244,google.com,0,0,,60109.66,TIMEOUT,2026-05-25T18:52:02.158478
506,scan_20260525_185101_932441,2.0.0.254,google.com,0,0,,60106.41,TIMEOUT,2026-05-25T18:52:02.158478
507,scan_20260525_185101_932441,2.0.0.246,google.com,0,0,,60110.07,TIMEOUT,2026-05-25T18:52:02.158478
508,scan_20260525_185101_932441,2.0.0.252,google.com,0,0,,60108.12,TIMEOUT,2026-05-25T18:52:02.158478
